{"cameraMode":{"drawMode":0,"name":"Shaded","section":"Shading Mode"},"sceneLighting":true,"audioPlay":false,"sceneViewState":{"showFog":true,"showMaterialUpdate":false,"showSkybox":true,"showFlares":true,"showImageEffects":true,"showParticleSystems":true},"in2DMode":false,"pivot":{"x":54.5194206237793,"y":-13.65584659576416,"z":32.2841911315918},"rotation":{"x":0.04181879013776779,"y":-0.9498560428619385,"z":0.27396851778030398,"w":0.14500564336776734},"size":40.982337951660159,"orthographic":false}