{"cameraMode":{"drawMode":0,"name":"Shaded","section":"Shading Mode"},"sceneLighting":false,"audioPlay":false,"sceneViewState":{"showFog":true,"showMaterialUpdate":false,"showSkybox":false,"showFlares":true,"showImageEffects":true,"showParticleSystems":true},"in2DMode":false,"pivot":{"x":0.6220000386238098,"y":0.6867636442184448,"z":0.6696944236755371},"rotation":{"x":0.021525729447603227,"y":-0.9695382118225098,"z":0.0928124338388443,"w":0.22613151371479035},"size":2.919109582901001,"orthographic":false}