{"cameraMode":{"drawMode":0,"name":"Shaded","section":"Shading Mode"},"sceneLighting":true,"audioPlay":false,"sceneViewState":{"showFog":true,"showMaterialUpdate":false,"showSkybox":true,"showFlares":true,"showImageEffects":true,"showParticleSystems":true},"in2DMode":false,"pivot":{"x":40.73295211791992,"y":5.596399307250977,"z":53.25590896606445},"rotation":{"x":-0.07133923470973969,"y":0.8093582987785339,"z":-0.1005646139383316,"w":-0.5742709636688232},"size":0.45501667261123659,"orthographic":false}