{"cameraMode":{"drawMode":0,"name":"Shaded","section":"Shading Mode"},"sceneLighting":true,"audioPlay":false,"sceneViewState":{"showFog":true,"showMaterialUpdate":false,"showSkybox":true,"showFlares":true,"showImageEffects":true,"showParticleSystems":true},"in2DMode":false,"pivot":{"x":46.86750030517578,"y":1.8916881084442139,"z":53.01546096801758},"rotation":{"x":0.026043809950351716,"y":-0.96550053358078,"z":0.23660235106945039,"w":0.10668493062257767},"size":0.23710542917251588,"orthographic":false}