{"cameraMode":{"drawMode":0,"name":"Shaded","section":"Shading Mode"},"sceneLighting":false,"audioPlay":false,"sceneViewState":{"showFog":true,"showMaterialUpdate":false,"showSkybox":false,"showFlares":true,"showImageEffects":true,"showParticleSystems":true},"in2DMode":false,"pivot":{"x":0.0,"y":0.3614456057548523,"z":0.0026916861534118654},"rotation":{"x":0.0491366870701313,"y":-0.8883049488067627,"z":0.09797091037034989,"w":0.44624829292297366},"size":0.5615831613540649,"orthographic":false}