{"cameraMode":{"drawMode":0,"name":"Shaded","section":"Shading Mode"},"sceneLighting":true,"audioPlay":false,"sceneViewState":{"showFog":true,"showMaterialUpdate":false,"showSkybox":true,"showFlares":true,"showImageEffects":true,"showParticleSystems":true},"in2DMode":false,"pivot":{"x":51.05775451660156,"y":0.2768164873123169,"z":52.455162048339847},"rotation":{"x":0.05076942220330238,"y":0.9168447256088257,"z":-0.12369684129953385,"w":0.37622928619384768},"size":4.278133869171143,"orthographic":false}